{"cameraMode":{"drawMode":0,"name":"Shaded","section":"Shading Mode"},"sceneLighting":false,"audioPlay":false,"sceneViewState":{"m_AlwaysRefresh":false,"showFog":true,"showSkybox":true,"showFlares":true,"showImageEffects":true,"showParticleSystems":true,"showVisualEffectGraphs":true,"m_FxEnabled":true},"in2DMode":false,"pivot":{"x":13.074420928955079,"y":-4.5495710372924809,"z":14.834835052490235},"rotation":{"x":8.242843629879815e-10,"y":0.9460424780845642,"z":-0.32404303550720217,"w":5.604737784992153e-10},"size":47.18647766113281,"orthographic":false}